{"001_00.jpg": [{"top_left": {"x": 0.1388101983002833, "y": 0.8227593152064451}, "bottom_right": {"x": 0.2572237960339943, "y": 0.9375629405840886}}, {"top_left": {"x": 0.44305949008498585, "y": 0.8449144008056395}, "bottom_right": {"x": 0.5609065155807366, "y": 0.9123867069486404}}, {"top_left": {"x": 0.47478753541076485, "y": 0.7170191339375629}, "bottom_right": {"x": 0.5535410764872521, "y": 0.8116817724068479}}, {"top_left": {"x": 0.7240793201133144, "y": 0.8630412890231621}, "bottom_right": {"x": 0.8917847025495751, "y": 0.9577039274924471}}]}